Date,Day,Activity
06.01.2025,Mon,Start of Even Semester - 2nd Year and 4th Year [All Programs]
07.01.2025,Tue,"Start of Even Semester - 1st Year, 3rd Year and 5th Year [All Programs]"
13.01.2025,Mon,Evoke: National Youth Summit
31.01.2025,Fri,"""CU Fest""- National Cultural Festival [31.01.2025 to 01.02.2025]"
06.02.2025,Thu,MST-01/1st Hourly Test - All Years [All Programs] - [06.02.2025 to 10.02.2025]
14.02.2025,Fri,TechInvent 2025 [14.02.2025 to 15.02.2025]
06.03.2025,Thu,Practical MST - All Years [All Programs] - [06.03.2025 to 12.03.2025]
13.03.2025,Thu,Babasaheb Bhimrao Ambedkar National Youth Parliament [13.03.2025 to 14.03.2025]
18.03.2025,Tue,MST-02/2nd Hourly Test - All Years [All Programs] - [18.03.2025 to 21.03.2025]
26.03.2025,Wed,CU Theatre Festival - [26.03.2025 to 28.03.2025]
11.04.2025,Fri,CU Heritage Festival
23.04.2025,Wed,Last Teaching Day - All Years [All Programs]
24.04.2025,Thu,End Sem. Practical Exams -Regular & Reappear-All Years [All Programs] till 29.04.2025
24.04.2025,Thu,End-Term Evaluation for Projects [Evaluation Panel] till 29.04.2025
30.04.2025,Wed,End Sem. Theory Exams-Regular & Reappear-All Years [All Programs] till 21.05.2025
21.05.2025,Wed,End of Even Semester - All Years [All Programs]
28.05.2025,Wed,Summer Term/Summer Internships/Winning Boot Camp till [28.05.2025 to 28.06.2025]
,,
,,
,,
,,
,,
,,
,,
,,
,,
,,
,,
,,
,,
,,
,,
,,
,,
,,
,,
,,
,,
,,
,,
,,
,,
,,
,,
,,
,,
,,
,,
,,
,,
,,
,,
,,
,,
,,
,,
,,
,,
,,
,,
,,
,,
,,
,,
,,
,,
,,
,,
,,
,,
,,
,,
,,
,,
,,
,,
,,
,,
,,
,,
,,
,,
,,
,,
,,
,,
,,
,,
,,
,,
,,
,,
,,
,,
,,
,,
,,
,,
,,
,,
,,
,,
,,
,,
,,
,,
,,
,,
,,
,,
,,
,,
,,
,,
,,
,,
,,
,,
,,
,,
,,
,,
,,
,,
,,
,,
,,
,,
,,
,,
,,
,,
,,
,,
,,
,,
,,
,,
,,
,,
,,
,,
,,
,,
,,
,,
,,
,,
,,
,,
,,
,,
,,
,,
,,
,,
,,
,,
,,
,,
,,
,,
,,
,,
,,
,,
,,
,,
,,
,,
,,
,,
,,
,,
,,
,,
,,
,,
,,
,,
,,
,,
,,
,,
,,
,,
,,
,,
,,
,,
,,
,,
,,
,,
,,
,,
,,
,,
,,
,,
,,
,,
,,
,,
,,
,,
,,
,,
,,
,,
,,
,,
,,
,,
,,
,,
